top-1,top-5
35.85095703601837,87.10976839065552
