top-1,top-5
31.62134885787964,76.93856954574585
